<?xml version="1.0" encoding="UTF-8"?>
<root>
	<!-- htmlunit配置 -->
	<config>
		<browser version="INTERNET_EXPLORER_8"></browser>
		<javascript enabled="false"></javascript>
	</config>
	
	<release-array>
		<!-- check填写检查链接地址，send填写发布链接地址，相关链接可参阅et采集工具，或自行编写 -->
		<release id="MYMONEY" usable="true" check="" send="">
			<param name="classid"><!-- 此处填写你的栏目序号，如：1 --></param>
			<param name="username"><!-- 此处填写你的发布者，如：grabage --></param>
			<param name="password"><!-- 此处填写密码，如：123456 --></param>
			<param name="newstext" from="content"></param>
			<param name="smalltext" from="summary"></param>
			<param name="keyboard" from="keyword"></param>
			<param name="writer" from="author"></param>
			<param name="befrom" from="source"></param>
			<param name="title" from="title"></param>
			<param name="newstime" from="timeline"></param>
		</release>
		<release id="MYTECH" usable="true" check="" send="">
			<param name="classid"><!-- 此处填写你的栏目序号，如：2 --></param>
			<param name="username"><!-- 此处填写你的发布者，如：grabage --></param>
			<param name="password"><!-- 此处填写密码，如：123456 --></param>
			<param name="newstext" from="content"></param>
			<param name="smalltext" from="summary"></param>
			<param name="keyboard" from="keyword"></param>
			<param name="writer" from="author"></param>
			<param name="befrom" from="source"></param>
			<param name="title" from="title"></param>
			<param name="newstime" from="timeline"></param>
		</release>
		
		<release id="MYHOUSE" usable="true" check="" send="">
			<param name="classid"><!-- 此处填写你的栏目序号，如：3 --></param>
			<param name="username"><!-- 此处填写你的发布者，如：grabage --></param>
			<param name="password"><!-- 此处填写密码，如：123456 --></param>
			<param name="newstext" from="content"></param>
			<param name="smalltext" from="summary"></param>
			<param name="keyboard" from="keyword"></param>
			<param name="writer" from="author"></param>
			<param name="befrom" from="source"></param>
			<param name="title" from="title"></param>
			<param name="newstime" from="timeline"></param>
		</release>
	</release-array>

	<grabage-array>
		<!-- 配置 -->
		<grabage usable="true" forward="http://www.ftchinese.com" link="http://www.ftchinese.com/channel/chinaeconomy.html" releaseid="MYMONEY">
			<xlink xpath="//div[@class='column7']/div/div[@class='featurecolumn']//a[@href]"></xlink>
			<title xpath="id('topictitle')"/>
			<timeline xpath="//div[@class='bar']" />
			<content xpath="id('bodytext')"/>
			<source>FT中文网</source>
			<splitpath xpath="//div[@class='pagination']/*[text()='下一页']" />
		</grabage>
		
		<grabage usable="false" forward="http://portal.czol.info" link="http://portal.czol.info/news/money">
			<xlink xpath="//table[@class='box']//a[@href]"/>
			<title xpath="//h1"/>
			<timeline xpath="//td[@class='info_text']" />
			<content xpath="id('text')"/>
		</grabage>
		
		<grabage usable="true" forward="http://tech.163.com" link="http://tech.163.com/roll/"  releaseid="MYTECH">
			<xlink xpath="id('tech')/div[2]/div[1]/div[2]/div[2]//a[@href]"/>
			<title xpath="/html/body//h1"/>
			<source>网易科技</source>
			<timeline xpath="/html/body//div[@class='endContent']/span[@class='info']" />
			<content xpath="id('endText')"/>
		</grabage>
		
		<grabage usable="true" forward="http://news.dichan.sina.com.cn" link="http://news.dichan.sina.com.cn"  releaseid="MYHOUSE">
			<xlink xpath="//div[@class='inner_l']/div/ul[@class='dot clearfix']//a[@href]"/>
			<title xpath="id('h1Title')"/>
			<timeline xpath="id('pub_date')" />
			<summary xpath="id('divContent')/div" />
			<source>新浪地产</source>
			<!-- not()的用法可以剔除不需要的内容，如广告，分页，摘要等 -->
			<content xpath="id('divContent')/p[not(@class)]"/>
		</grabage>
		
		<!-- 几个无用的例子,带去掉广告的写法 -->
		
		<grabage usable="false" forward="http://blog.csdn.net" link="http://blog.csdn.net/zdsdiablo">
		</grabage>
		
		<grabage usable="false" forward="http://www.javaeye.com"	link="http://www.javaeye.com/forums/tag/Spring">
			<xlink xpath="id('forum_main')/tbody/tr/td[@class='topic_title']/a[@href]"/>
			<title xpath="id('forum_main')/thead/tr/th/div[@class='wrapper']"/>
			<author xpath="id('posts')/tr[1]/td[@class='postauthor']/ul/li[@class='name']"/>
			<timeline xpath="id('posts')/tr[1]/td[@class='postcontent']/div/div[@class='description']" />
			<content xpath="//div[@class='postbody clearfix']"/>
			<splitpath xpath="//div[@class='pagination']/a[@class='next_page']" />
			<advert xpath="id('hunter_recommended')"/>
			<advert xpath="id('related_topics')"/>
		</grabage>
	</grabage-array>
</root>
